{
  "sintaksis_frasa": {
    "precision": 0.9660188646633063,
    "recall": 0.9617653464652511,
    "f1": 0.9631709322281441,
    "bleu": 92.12483098995087,
    "average_score": 0.2017517211826693
  },
  "preposisi": {
    "precision": 0.9773298864886522,
    "recall": 0.9561172538302557,
    "f1": 0.965901833502212,
    "bleu": 91.66389577726096,
    "average_score": 0.2009454168160773
  },
  "kelengkapan_kalimat": {
    "precision": 0.9787860246361092,
    "recall": 0.8994614551593891,
    "f1": 0.9354605808168571,
    "bleu": 88.51657705002376,
    "average_score": 0.24058241779338377
  },
  "diksi": {
    "precision": 0.944730003347738,
    "recall": 0.9289935967804309,
    "f1": 0.9358794244345631,
    "bleu": 90.67248388375322,
    "average_score": 0.21376811822507288
  },
  "pleonasme": {
    "precision": 0.9864753532023621,
    "recall": 0.985110233611684,
    "f1": 0.9852087762032495,
    "bleu": 96.50875442682036,
    "average_score": 0.19742821769313773
  },
  "afiksasi": {
    "precision": 0.9740510099137253,
    "recall": 0.9690305286054737,
    "f1": 0.9711462212534148,
    "bleu": 93.9261511781535,
    "average_score": 0.18470776066125166
  },
  "pembentukan_kata": {
    "precision": 0.9830359120856027,
    "recall": 0.9821197886067462,
    "f1": 0.9822930553777076,
    "bleu": 96.37221806902751,
    "average_score": 0.17590679499943465
  },
  "ambigu": {
    "precision": 0.9741983147460528,
    "recall": 0.9611758883335613,
    "f1": 0.9668770167944205,
    "bleu": 92.05115829876681,
    "average_score": 0.20876580676932452
  },
  "reduplikasi": {
    "precision": 0.9912951504493119,
    "recall": 0.9866157783642591,
    "f1": 0.988541420755483,
    "bleu": 96.2168107145691,
    "average_score": 0.1847255478091179
  }
}