{
    "average": {
        "precision": 0.9718345107526802,
        "recall": 0.9559387412832425,
        "f1": 0.9628601042190829
    }
}